<?xml version="1.0" encoding="UTF-8"?>
<!DOCTYPE generatorConfiguration
  PUBLIC "-//mybatis.org//DTD MyBatis Generator Configuration 1.0//EN"
  "http://mybatis.org/dtd/mybatis-generator-config_1_0.dtd">

<generatorConfiguration>

  <!-- 1.修改本地的数据库连接器地址（The full path name of a JAR/ZIP file to add to the classpath, or a directory to add to the classpath） -->
  <classPathEntry location="mysql-connector-java-8.0.18.jar" />

  <context id="skych.lin" targetRuntime="my.generator.Mybatis3Impl" defaultModelType="flat">
  
	<property name="beginningDelimiter" value="`"/>
    <property name="endingDelimiter" value="`"/>
    <property name="javaFileEncoding" value="UTF-8"/>
  
	<commentGenerator type="my.generator.MyCommentGeneratorImpl">
		<property name="addRemarkComments" value="true"/>
	</commentGenerator>
  
    <jdbcConnection driverClass="com.mysql.cj.jdbc.Driver"
        connectionURL="jdbc:mysql://10.14.32.241:3306/roc?useLegacyDatetimeCode=false&amp;serverTimezone=UTC&amp;nullCatalogMeansCurrent=true"
        userId="root"
        password="123456">
    </jdbcConnection>

    <javaTypeResolver type="my.generator.MyJavaTypeResolver">
      <property name="forceBigDecimals" value="false" />
    </javaTypeResolver>

    <javaModelGenerator targetPackage="com.example.demo.model" targetProject="D:\project\demo\src\main\java">
      <property name="enableSubPackages" value="true" />
      <property name="trimStrings" value="true" />
    </javaModelGenerator>

    <sqlMapGenerator targetPackage="com\example\demo\dao"  targetProject="D:\project\demo\src\main\resources">
      <property name="enableSubPackages" value="true" />
    </sqlMapGenerator>

    <javaClientGenerator type="XMLMAPPER" targetPackage="com.example.demo.dao"  targetProject="D:\project\demo\src\main\java">
      <property name="enableSubPackages" value="true" />
    </javaClientGenerator>

    <table tableName="%" enableCountByExample="false" enableDeleteByExample="false" enableUpdateByExample="false" enableSelectByExample="false" mapperName="{0}Dao" >
      <property name="useActualColumnNames" value="false"/>
      <domainObjectRenamingRule searchString="^T" replaceString="" />
    </table>

  </context>
</generatorConfiguration>